{"cameraMode":{"drawMode":0,"name":"Shaded","section":"Shading Mode"},"sceneLighting":true,"audioPlay":false,"sceneViewState":{"showFog":true,"showMaterialUpdate":false,"showSkybox":true,"showFlares":true,"showImageEffects":true,"showParticleSystems":true},"in2DMode":false,"pivot":{"x":271.23895263671877,"y":-2006.619384765625,"z":458.20166015625},"rotation":{"x":-0.20796529948711396,"y":0.08555886894464493,"z":-0.018263716250658037,"w":-0.9742294549942017},"size":3267.212158203125,"orthographic":false}